{
  "1": {
    "id": "1",
    "title": "Buttons",
    "content": "Buttons Basic button styles Links that look like buttons Button element Using utilities with buttons Button size Spacing between buttons Basic button styles Links that look like buttons Link button Link button Link button Link button Link button [Link button](http://example.com/){: .btn } [Link button](http://example.com/){: .btn .btn-purple } [Link button](http://example.com/){: .btn .btn-blue } [Link button](http://example.com/){: .btn .btn-green } [Link button](http://example.com/){: .btn .btn-outline } Button element GitHub Flavored Markdown does not support the button element, so you’ll have to use inline HTML for this: Button element &lt;button type=&quot;button&quot; name=&quot;button&quot; class=&quot;btn&quot;&gt;Button element&lt;/button&gt; Using utilities with buttons Button size Wrap the button in a container that uses the font-size utility classes to scale buttons: Big ass button Tiny ass button &lt;span class=&quot;fs-8&quot;&gt; [Link button](http://example.com/){: .btn } &lt;/span&gt; &lt;span class=&quot;fs-3&quot;&gt; [Tiny ass button](http://example.com/){: .btn } &lt;/span&gt; Spacing between buttons Use the margin utility classes to add spacing between two buttons in the same block. Button with space Button Button with more space Button [Button with space](http://example.com/){: .btn .btn-purple .mr-2 } [Button ](http://example.com/){: .btn .btn-blue } [Button with more space](http://example.com/){: .btn .btn-green .mr-4 } [Button ](http://example.com/){: .btn .btn-blue }",
    "url": "http://localhost:4000/just-the-docs/docs/ui-components/buttons/",
    "relUrl": "/docs/ui-components/buttons/"
  },
  "2": {
    "id": "2",
    "title": "Code",
    "content": "Code Inline code Syntax highlighted code blocks Code blocks with rendered examples Inline code Code can be rendered inline by wrapping it in single back ticks. Lorem ipsum dolor sit amet, &lt;inline code snippet&gt; adipisicing elit, sed do eiusmod tempor incididunt ut labore et dolore magna aliqua. Lorem ipsum dolor sit amet, `&lt;inline code snippet&gt;` adipisicing elit, sed do eiusmod tempor incididunt ut labore et dolore magna aliqua. Syntax highlighted code blocks Use Jekyll’s built-in syntax highlighting with Rouge for code blocks by using three backticks, followed by the language name: // Javascript code with syntax highlighting. var fun = function lang(l) { dateformat.i18n = require(&#39;./lang/&#39; + l) return true; } js // Javascript code with syntax highlighting. var fun = function lang(l) { dateformat.i18n = require(&#39;./lang/&#39; + l) return true; } Code blocks with rendered examples To demonstrate front end code, sometimes it’s useful to show a rendered example of that code. After including the styles from your project that you’ll need to show the rendering, you can use a &lt;div&gt; with the code-example class, followed by the code block syntax. If you want to render your output with Markdown instead of HTML, use the markdown=&quot;1&quot; attribute to tell Jekyll that the code you are rendering will be in Markdown format… This is about to get meta… Link button [Link button](http://example.com/){: .btn } &lt;div class=&quot;code-example&quot; markdown=&quot;1&quot;&gt; [Link button](http://example.com/){: .btn } &lt;/div&gt; markdown [Link button](http://example.com/){: .btn }",
    "url": "http://localhost:4000/just-the-docs/docs/ui-components/code/",
    "relUrl": "/docs/ui-components/code/"
  },
  "3": {
    "id": "3",
    "title": "Color",
    "content": "Color Utilities Light Greys Dark Greys Purples Blues Greens Yellows Reds All the colors used in Just the Docs have been systematized into a series of variables that have been extended to both font color and background color utility classes. Light Greys Color value Font color utility Background color utility grey-lt-000 .text-grey-lt-000 .bg-grey-lt-000 grey-lt-100 .text-grey-lt-100 .bg-grey-lt-100 grey-lt-200 .text-grey-lt-200 .bg-grey-lt-200 grey-lt-300 .text-grey-lt-300 .bg-grey-lt-300 Dark Greys Color value Font color utility Background color utility grey-dk-000 .text-grey-dk-000 .bg-grey-dk-000 grey-dk-100 .text-grey-dk-100 .bg-grey-dk-100 grey-dk-200 .text-grey-dk-200 .bg-grey-dk-200 grey-dk-250 .text-grey-dk-250 .bg-grey-dk-250 grey-dk-300 .text-grey-dk-300 .bg-grey-dk-300 Purples Color value Font color utility Background color utility purple-000 .text-purple-000 .bg-purple-000 purple-100 .text-purple-100 .bg-purple-100 purple-200 .text-purple-200 .bg-purple-200 purple-300 .text-purple-300 .bg-purple-300 Blues Color value Font color utility Background color utility blue-000 .text-blue-000 .bg-blue-000 blue-100 .text-blue-100 .bg-blue-100 blue-200 .text-blue-200 .bg-blue-200 blue-300 .text-blue-300 .bg-blue-300 Greens Color value Font color utility Background color utility green-000 .text-green-000 .bg-green-000 green-100 .text-green-100 .bg-green-100 green-200 .text-green-200 .bg-green-200 green-300 .text-green-300 .bg-green-300 Yellows Color value Font color utility Background color utility yellow-000 .text-yellow-000 .bg-yellow-000 yellow-100 .text-yellow-100 .bg-yellow-100 yellow-200 .text-yellow-200 .bg-yellow-200 yellow-300 .text-yellow-300 .bg-yellow-300 Reds Color value Font color utility Background color utility red-000 .text-red-000 .bg-red-000 red-100 .text-red-100 .bg-red-100 red-200 .text-red-200 .bg-red-200 red-300 .text-red-300 .bg-red-300",
    "url": "http://localhost:4000/just-the-docs/docs/utilities/color/",
    "relUrl": "/docs/utilities/color/"
  },
  "4": {
    "id": "4",
    "title": "Configuration",
    "content": "Configuration Just the Docs has some specific configuration parameters that can be defined in your Jekyll site’s _config.yml file. Search enabled Aux links Color scheme Google Analytics View this site’s _config.yml file as an example. Search enabled # Enable or disable the site search search_enabled: true Aux links # Aux links for the upper right navigation aux_links: &quot;Just the Docs on GitHub&quot;: - &quot;//github.com/pmarsceill/just-the-docs&quot; Color scheme # Color scheme currently only supports &quot;dark&quot; or nil (default) color_scheme: &quot;dark&quot; Preview dark color scheme See Customization for more information. Google Analytics # Google Analytics Tracking (optional) # e.g, UA-1234567-89 ga_tracking: UA-5555555-55",
    "url": "http://localhost:4000/just-the-docs/docs/configuration/",
    "relUrl": "/docs/configuration/"
  },
  "5": {
    "id": "5",
    "title": "Customization",
    "content": "Customization Color schemes Specific visual customization Color schemes New Just the Docs supports two color schemes: light (default), and dark. To enable a color scheme, set the color_scheme parameter in your site’s _config.yml file: Example # Color scheme currently only supports &quot;dark&quot; or nil (default) color_scheme: &quot;dark&quot; Preview dark color scheme Specific visual customization To customize your site’s aesthetic, open _sass/custom/custom.scss in your editor to see if there is a variable that you can override. Most styles like fonts, colors, spacing, etc. are derived from these variables. To override a specific variable, uncomment its line and change its value. For example, to change the link color from the purple default to blue, open _sass/custom/custom.css and find the $link-color variable on line 50. Uncomment it, and change its value to our $blue-000 variable, or another shade of your choosing. Example // ... // // $body-text-color: $grey-dk-100; // $body-heading-color: $grey-dk-300; $link-color: $blue-000; // // ... Note: Editing the variables directly in _sass/support/variables.scss is not recommended and can cause other dependencies to fail.",
    "url": "http://localhost:4000/just-the-docs/docs/customization/",
    "relUrl": "/docs/customization/"
  },
  "6": {
    "id": "6",
    "title": "Markdown kitchen sink",
    "content": "Text can be bold, italic, or strikethrough. Link to another page. There should be whitespace between paragraphs. There should be whitespace between paragraphs. We recommend including a README, or a file with information about your project. Header 1 This is a normal paragraph following a header. GitHub is a code hosting platform for version control and collaboration. It lets you and others work together on projects from anywhere. Header 2 This is a blockquote following a header. When something is important enough, you do it even if the odds are not in your favor. Header 3 // Javascript code with syntax highlighting. var fun = function lang(l) { dateformat.i18n = require(&#39;./lang/&#39; + l) return true; } # Ruby code with syntax highlighting GitHubPages::Dependencies.gems.each do |gem, version| s.add_dependency(gem, &quot;= #{version}&quot;) end Header 4 This is an unordered list following a header. This is an unordered list following a header. This is an unordered list following a header. Header 5 This is an ordered list following a header. This is an ordered list following a header. This is an ordered list following a header. Header 6 head1 head two three ok good swedish fish nice out of stock good and plenty nice ok good oreos hmm ok good zoute drop yumm There’s a horizontal rule below this. Here is an unordered list: Item foo Item bar Item baz Item zip And an ordered list: Item one Item two Item three Item four And a nested list: level 1 item level 2 item level 2 item level 3 item level 3 item level 1 item level 2 item level 2 item level 2 item level 1 item level 2 item level 2 item level 1 item Nesting an ol in ul in an ol level 1 item (ul) level 2 item (ol) level 2 item (ol) level 3 item (ul) level 3 item (ul) level 1 item (ul) level 2 item (ol) level 2 item (ol) level 3 item (ul) level 3 item (ul) level 4 item (ol) level 4 item (ol) level 3 item (ul) level 3 item (ul) level 1 item (ul) And a task list Hello, this is a TODO item Hello, this is another TODO item Goodbye, this item is done Small image Large image Definition lists can be used with HTML syntax. Name Godzilla Born 1952 Birthplace Japan Color Green Long, single-line code blocks should not wrap. They should horizontally scroll if they are too long. This line should be long enough to demonstrate this. The final element.",
    "url": "http://localhost:4000/just-the-docs/docs/index-test/",
    "relUrl": "/docs/index-test/"
  },
  "7": {
    "id": "7",
    "title": "Home",
    "content": "Focus on writing good documentation Just the Docs gives your documentation a jumpstart with a responsive Jekyll theme that is easily customizable and hosted on GitHub Pages. Get started now View it on GitHub Getting started Dependencies Just the Docs is built for Jekyll, a static site generator. View the quick start guide for more information. Just the Docs requires no special Jekyll plugins and can run on GitHub Pages’ standard Jekyll compiler. Quick start: Use as a GitHub Pages remote theme Add Just the Docs to your Jekyll site’s _config.yml as a remote theme remote_theme: pmarsceill/just-the-docs You must have GitHub Pages enabled on your repo, one or more Markdown files, and a _config.yml file. See an example repository Local installation: Use the gem-based theme Install the Ruby Gem $ gem install just-the-docs # .. or add it to your your Jekyll site’s Gemfile gem &quot;just-the-docs&quot; Add Just the Docs to your Jekyll site’s _config.yml theme: &quot;just-the-docs&quot; Optional: Initialize search data (creates search-data.json) $ bundle exec just-the-docs rake search:init Run you local Jekyll server $ jekyll serve # .. or if you&#39;re using a Gemfile (bundler) $ bundle exec jekyll serve Point your web browser to http://localhost:4000 If you’re hosting your site on GitHub Pages, set up GitHub Pages and Jekyll locally so that you can more easily work in your development environment. Configure Just the Docs See configuration options About the project Just the Docs is © 2017-2019 by Patrick Marsceill. License Just the Docs is distributed by an MIT license. Contributing When contributing to this repository, please first discuss the change you wish to make via issue, email, or any other method with the owners of this repository before making a change. Read more about becoming a contributor in our GitHub repo. Code of Conduct Just the Docs is committed to fostering a welcoming community. View our Code of Conduct on our GitHub repository.",
    "url": "http://localhost:4000/just-the-docs/",
    "relUrl": "/"
  },
  "8": {
    "id": "8",
    "title": "Labels",
    "content": "Labels Use labels as a way to add an additional mark to a section of your docs. Labels come in a few colors. By default, labels will be blue. Default label Blue label Stable New release Coming soon Deprecated Default label {: .label } Blue label {: .label .label-blue } Stable {: .label .label-green } New release {: .label .label-purple } Coming soon {: .label .label-yellow } Deprecated {: .label .label-red }",
    "url": "http://localhost:4000/just-the-docs/docs/ui-components/labels/",
    "relUrl": "/docs/ui-components/labels/"
  },
  "9": {
    "id": "9",
    "title": "Layout",
    "content": "Layout Utilities Spacing Vertical Alignment Display Spacing These spacers are available to use for margins and padding with responsive utility classes. Combine these prefixes with a screen size and spacing scale to use them responsively. Classname prefix What it does .m- margin .mx- margin-left, margin-right .my- margin top, margin bottom .mt- margin-top .mr- margin-right .mb- margin-bottom .ml- margin-left Classname prefix What it does .p- padding .px- padding-left, padding-right .py- padding top, padding bottom .pt- padding-top .pr- padding-right .pb- padding-bottom .pl- padding-left Spacing values are based on a 1rem = 16px spacing scale, broken down into these units: Spacer/suffix Size in rems Rem converted to px 1 0.25rem 4px 2 0.5rem 8px 3 0.75rem 12px 4 1rem 16px 5 1.5rem 24px 6 2rem 32px 7 2.5rem 40px 8 3rem 48px Examples In Markdown, use the {: } wrapper to apply custom classes: This paragraph will have a margin bottom of 1rem/16px at large screens. {: .mb-lg-4 } This paragraph will have 2rem/32px of padding on the right and left at all screen sizes. {: .px-6 } Vertical Alignment Classname What it does .v-align-baseline vertical-align: baseline .v-align-bottom vertical-align: bottom .v-align-middle vertical-align: middle .v-align-text-bottom vertical-align: text-bottom .v-align-text-top vertical-align: text-top .v-align-top vertical-align: top Display Display classes aid in adapting the layout of the elements on a page: Class   .d-block display: block .d-flex display: flex .d-inline display: inline .d-inline-block display: inline-block .d-none display: none Use these classes in conjunction with the responsive modifiers. Examples In Markdown, use the {: } wrapper to apply custom classes: This button will be hidden until medium screen sizes: [ A button ](#url) {: .d-none .d-md-inline-block } These headings will be `inline-block`: ### heading 3 {: .d-inline-block } ### heading 3 {: .d-inline-block }",
    "url": "http://localhost:4000/just-the-docs/docs/utilities/layout/",
    "relUrl": "/docs/utilities/layout/"
  },
  "10": {
    "id": "10",
    "title": "Lists",
    "content": "Lists Unordered list Ordered list Task list Definition list Most lists can be rendered with pure Markdown. Unordered list Item 1 Item 2 Item 3 or Item 1 Item 2 Item 3 - Item 1 - Item 2 - Item 3 _or_ * Item 1 * Item 2 * Item 3 Ordered list Item 1 Item 2 Item 3 1. Item 1 1. Item 2 1. Item 3 Task list hello, this is a todo item hello, this is another todo item goodbye, this item is done - [ ] hello, this is a todo item - [ ] hello, this is another todo item - [x] goodbye, this item is done Definition list Definition lists require HTML syntax and aren’t supported with the GitHub Flavored Markdown compiler. Name Godzilla Born 1952 Birthplace Japan Color Green &lt;dl&gt; &lt;dt&gt;Name&lt;/dt&gt; &lt;dd&gt;Godzilla&lt;/dd&gt; &lt;dt&gt;Born&lt;/dt&gt; &lt;dd&gt;1952&lt;/dd&gt; &lt;dt&gt;Birthplace&lt;/dt&gt; &lt;dd&gt;Japan&lt;/dd&gt; &lt;dt&gt;Color&lt;/dt&gt; &lt;dd&gt;Green&lt;/dd&gt; &lt;/dl&gt;",
    "url": "http://localhost:4000/just-the-docs/docs/ui-components/lists/",
    "relUrl": "/docs/ui-components/lists/"
  },
  "11": {
    "id": "11",
    "title": "Navigation Structure",
    "content": "Navigation Structure Main navigation Ordering pages Excluding pages Pages with children Child pages Auto-generating Table of Contents Children with children Auxiliary Navigation In-page navigation with Table of Contents Main navigation The main navigation for your Just the Docs site is on the left side of the page at large screens and on the top (behind a tap) on small screens. The main navigation can be structured to accommodate a multi-level menu system (pages with children and grandchildren). By default, all pages will appear as top level pages in the main nav unless a parent page is defined (see Pages with Children). Ordering pages To specify a page order, use the nav_order parameter in your pages’ YAML front matter. Example layout: default title: Customization nav_order: 4 Excluding pages For specific pages that you do not wish to include in the main navigation, e.g. a 404 page or a landing page, use the nav_exclude: true parameter in the YAML front matter for that page. Example layout: default title: 404 nav_exclude: true Pages with children Sometimes you will want to create a page with many children (a section). First, it is recommended that you keep pages that are related in a directory together… For example, in these docs, we keep all of the written documentation in the ./docs directory and each of the sections in subdirectories like ./docs/ui-components and ./docs/utilities. This gives us an organization like: +-- .. |-- (Jekyll files) | |-- docs | |-- ui-components | | |-- ui-components.md (parent page) | | |-- buttons.md | | |-- code.md | | |-- labels.md | | |-- tables.md | | +-- typography.md | | | |-- utilities | | |-- utilities.md (parent page) | | |-- color.md | | |-- layout.md | | |-- responsive-modifiers.md | | +-- typography.md | | | |-- (other md files, pages with no children) | +-- .. | |-- (Jekyll files) +-- .. On the parent pages, add 2 YAML front matter parameters: has_children: true (tells us that this is a parent page) permalink: set this to the site directory that contains the child pages Example layout: default title: UI Components nav_order: 2 has_children: true permalink: /docs/ui-components Here we’re setting up the UI Components landing page that is available at /docs/ui-components, which has children and is ordered second in the main nav. Child pages On child pages, simply set the parent: YAML front matter to whatever the parent’s page title is and set a nav order (this number is now scoped within the section). Example layout: default title: Buttons parent: UI Components nav_order: 2 The Buttons page appears as a child of UI Components and appears second in the UI Components section. Auto-generating Table of Contents By default, all pages with children will automatically append a Table of Contents which lists the child pages after the parent page’s content. To disable this auto Table of Contents, set has_toc: false in the parent page’s YAML front matter. Example layout: default title: UI Components nav_order: 2 has_children: true has_toc: false permalink: /docs/ui-components Children with children Child pages can also have children (grandchildren). This is achieved by using a similar pattern on the child and grandchild pages. Add the has_children attribute to the child Add the parent and grand_parent attribute to the grandchild Example layout: default title: Buttons parent: UI Components nav_order: 2 has_children: true layout: default title: Buttons Child Page parent: Buttons grand_parent: UI Components nav_order: 1 This would create the following navigation structure: +-- .. | |-- UI Components | |-- .. | | | |-- Buttons | | |-- Button Child Page | | | |-- .. | +-- .. Auxiliary Navigation To add a auxiliary navigation item to your site (in the upper right on all pages), add it to the aux_nav configuration option in your site’s _config.yml file. Example # Aux links for the upper right navigation aux_links: &quot;Just the Docs on GitHub&quot;: - &quot;//github.com/pmarsceill/just-the-docs&quot; In-page navigation with Table of Contents To generate a Table of Contents on your docs pages, you can use the {:toc} method from Kramdown, immediately after an &lt;ol&gt; in Markdown. This will automatically generate an ordered list of anchor links to various sections of the page based on headings and heading levels. There may be occasions where you’re using a heading and you don’t want it to show up in the TOC, so to skip a particular heading use the {: .no_toc } CSS class. Example # Navigation Structure {: .no_toc } ## {: .no_toc .text-delta } 1. TOC {:toc} This example skips the page name heading (#) from the TOC, as well as the heading for the Table of Contents itself (##) because it is redundant, followed by the table of contents itself.",
    "url": "http://localhost:4000/just-the-docs/docs/navigation-structure/",
    "relUrl": "/docs/navigation-structure/"
  },
  "12": {
    "id": "12",
    "title": "Responsive Modifiers",
    "content": "Responsive modifiers Just the Docs spacing works in conjunction with a variety of modifiers that allow you to target specific screen sizes responsively. Use these in conjunction with spacing and display prefix and suffix classes. Modifier Screen size (none) All screens until the next modifier xs 320px (20rem) and up sm 500px (31.25rem) and up md 740px (46.25rem) and up lg 1120px (70rem) and up xl 1400px (87.5rem) and up",
    "url": "http://localhost:4000/just-the-docs/docs/utilities/responsive-modifiers/",
    "relUrl": "/docs/utilities/responsive-modifiers/"
  },
  "13": {
    "id": "13",
    "title": "Search",
    "content": "Search Set up search Generate search index Enable search in configuration Hiding pages from search Just the Docs uses lunr.js to add a client-side search interface powered by a JSON index that Jekyll generates. All search results are shown in an auto-complete style interface (there is no search results page). By default, all generated HTML pages are indexed using the following data points: Page title Page content Page URL Set up search Generate search index Before you can use search, you must initialize the feature by running this rake command that comes with just-the-docs: $ bundle exec just-the-docs rake search:init This command creates the search-data.json file that Jekyll uses to create your search index. Alternatively, you can create the file manually in the assets/js/ directory of your Jekyll site with this content: {% raw %} { {% for page in site.html_pages %}{% if page.search_exclude != true %}&quot;{{ forloop.index0 }}&quot;: { &quot;id&quot;: &quot;{{ forloop.index0 }}&quot;, &quot;title&quot;: &quot;{{ page.title | replace: &#39;&amp;amp;&#39;, &#39;&amp;&#39; }}&quot;, &quot;content&quot;: &quot;{{ page.content | markdownify | strip_html | escape_once | remove: &#39;&#39; | remove: &#39;&#39; | remove: &#39;&#39; | replace: &#39; &#39;, &#39; &#39; | normalize_whitespace }}&quot;, &quot;url&quot;: &quot;{{ page.url | absolute_url }}&quot;, &quot;relUrl&quot;: &quot;{{ page.url }}&quot; }{% unless forloop.last %},{% endunless %} {% endif %}{% endfor %} }{% endraw %} Note: If you don’t run this rake command or create this file manually, search will not work (or it will use the search index data from this docs site, not your site’s content). Enable search in configuration In your site’s _config.yml, enable search: # Enable or disable the site search search_enabled: true Hiding pages from search Sometimes you might have a page that you don’t want to be indexed for the search nor to show up in search results, e.g, a 404 page. To exclude a page from search, add the search_exclude: true parameter to the page’s YAML front matter: Example layout: default title: Page not found nav_exclude: true search_exclude: true",
    "url": "http://localhost:4000/just-the-docs/docs/search/",
    "relUrl": "/docs/search/"
  },
  "14": {
    "id": "14",
    "title": "Tables",
    "content": "Tables Tables are responsive by default, allowing wide tables to have a horizontal scroll to access columns outside of the normal viewport. head1 head two three ok good swedish fish nice out of stock good and plenty nice ok good oreos hmm ok good zoute drop yumm | head1 | head two | three | |:-|:|:| | ok | good swedish fish | nice | | out of stock | good and plenty | nice | | ok | good `oreos` | hmm | | ok | good `zoute` drop | yumm |",
    "url": "http://localhost:4000/just-the-docs/docs/ui-components/tables/",
    "relUrl": "/docs/ui-components/tables/"
  },
  "15": {
    "id": "15",
    "title": "Typography",
    "content": "Typography Font stack Responsive type scale Headings Body text Inline elements Typographic Utilities Font stack By default, Just the Docs uses a native system font stack for sans-serif fonts: -apple-system, BlinkMacSystemFont, &quot;helvetica neue&quot;, helvetica, roboto, noto, &quot;segoe ui&quot;, arial, sans-serif ABCDEFGHIJKLMNOPQRSTUVWXYZ abcdefghijklmnopqrstuvwxyz For monospace type, like code snippets or the &lt;pre&gt; element, Just the Docs uses a native system font stack for monospace fonts: &quot;SFMono-Regular&quot;, Menlo, Consolas, Monospace ABCDEFGHIJKLMNOPQRSTUVWXYZ abcdefghijklmnopqrstuvwxyz Responsive type scale Just the Docs uses a responsive type scale that shifts depending on the viewport size. Selector Small screen size font-size Large screen size font-size h1, .text-alpha 32px 36px h2, .text-beta 18px 24px h3, .text-gamma 16px 18px h4, .text-delta 14px 16px h5, .text-epsilon 16px 18px h6, .text-zeta 18px 24px body 14px 16px Headings Headings are rendered like this: Heading 1 Heading 2 Heading 3 Heading 4 Heading 5 Heading 6 # Heading 1 ## Heading 2 ### Heading 3 #### Heading 4 ##### Heading 5 ###### Heading 6 Body text Default body text is rendered like this: Lorem ipsum dolor sit amet, consectetur adipisicing elit, sed do eiusmod tempor incididunt ut labore et dolore magna aliqua. Ut enim ad minim veniam, quis nostrud exercitation ullamco laboris nisi ut aliquip ex ea commodo consequat. Duis aute irure dolor in reprehenderit in voluptate velit esse cillum dolore eu fugiat nulla pariatur. Excepteur sint occaecat cupidatat non proident, sunt in culpa qui officia deserunt mollit anim id est laborum. Lorem ipsum dolor sit amet, consectetur adipisicing elit, sed do eiusmod tempor incididunt ut labore et dolore magna aliqua. Ut enim ad minim veniam, quis nostrud exercitation ullamco laboris nisi ut aliquip ex ea commodo consequat. Duis aute irure dolor in reprehenderit in voluptate velit esse cillum dolore eu fugiat nulla pariatur. Excepteur sint occaecat cupidatat non proident, sunt in culpa qui officia deserunt mollit anim id est laborum. Inline elements Text can be bold, italic, or strikethrough. Link to another page. Text can be **bold**, _italic_, or ~~strikethrough~~. [Link to another page](another-page). Typographic Utilities There are a number of specific typographic CSS classes that allow you to override default styling for font size, font weight, line height, and capitalization. View typography utilities",
    "url": "http://localhost:4000/just-the-docs/docs/ui-components/typography/",
    "relUrl": "/docs/ui-components/typography/"
  },
  "16": {
    "id": "16",
    "title": "Typography",
    "content": "Typography Utilities Font size Font weight Line height Font size Use the .fs-1 - .fs-10 to set an explicit font-size. Class Small screen size font-size Large screen size font-size .fs-1 9px 10px .fs-2 11px 12px .fs-3 12px 14px .fs-4 14px 16px .fs-5 16px 18px .fs-6 18px 24px .fs-7 24px 32px .fs-8 32px 38px .fs-9 38px 42px .fs-10 42px 48px Font size 1 Font size 2 Font size 3 Font size 4 Font size 5 Font size 6 Font size 7 Font size 8 Font size 9 Font size 10 In Markdown, use the `{: }` wrapper to apply custom classes: Font size 1 {: .fs-1 } Font size 2 {: .fs-2 } Font size 3 {: .fs-3 } Font size 4 {: .fs-4 } Font size 5 {: .fs-5 } Font size 6 {: .fs-6 } Font size 7 {: .fs-7 } Font size 8 {: .fs-8 } Font size 9 {: .fs-9 } Font size 10 {: .fs-10 } Font weight Use the .fw-300 - .fw-700 to set an explicit font-size. Font weight 300 Font weight 400 Font weight 500 Font weight 700 In Markdown, use the `{: }` wrapper to apply custom classes: Font weight 300 {: .fw-300 } Font weight 400 {: .fw-400 } Font weight 500 {: .fw-500 } Font weight 700 {: .fw-700 } Line height Use the lh- classes to explicitly apply line height to text. Class line-height value Notes .lh-0 0   .lh-tight 1.1 Default for headings .lh-default 1.4 Default for body (paragraphs) No Line height No Line height Tight line height Tight line height Default line height Default line height In Markdown, use the `{: }` wrapper to apply custom classes: No Line height No Line height {: .lh-0 } Tight line height Tight line height {: .lh-tight } Default line height Default line height {: .fh-default }",
    "url": "http://localhost:4000/just-the-docs/docs/utilities/typography/",
    "relUrl": "/docs/utilities/typography/"
  },
  "17": {
    "id": "17",
    "title": "UI Components",
    "content": "UI Components To make it as easy as possible to write documentation in plain Markdown, most UI components are styled using default Markdown elements with few additional CSS classes needed.",
    "url": "http://localhost:4000/just-the-docs/docs/ui-components",
    "relUrl": "/docs/ui-components"
  },
  "18": {
    "id": "18",
    "title": "Utilities",
    "content": "Utilities CSS utility classes come in handy when you to want to override default styles to create additional whitespace (margins/padding), correct unexpected shifts in font size or weight, add color, or hide (or show) something at a specific screen size.",
    "url": "http://localhost:4000/just-the-docs/docs/utilities",
    "relUrl": "/docs/utilities"
  }
  
}
